instituion_city,institution_name,institution_state,institution_zipcode,transaction_date
menifee,mt san jacinto-menifee,ca,92584,
redwood city,canada college,ca,94061,
santa ana,santa ana college,ca,92706,
panama city,gulf coast state college,fl,32401-1041,
mount berry,berry college,ga,30149,
kahului maui,univ of hawaii maui college,hi,96732,
marion,indiana wesleyan u,in,46953,
newport,northern kentucky univ,ky,41099,
madison,north florida comm coll,fl,32340-1611,8/23/2017
dade city,pasco hernando st coll - east,fl,33525,8/23/2017
monticello,u of arkansas at monticello,ar,71655,8/23/2017
wesson,copiah-lincoln cc-wesson,ms,39191-0649,8/23/2017
bismarck,north dakota university system,nd,58505,8/23/2017
moberly,moberly area comm college,mo,65270-1304,8/23/2017
albuquerque,univ of new mexico,nm,87131,8/23/2017
spartanburg,spartanburg methodist coll,sc,29301,8/23/2017
long beach,cal state u - long beach,ca,90840,8/23/2017
nashville,belmont university,tn,37212-3758,8/23/2017
asheville,univ of nc - asheville,nc,28804-3024,8/23/2017
chattanooga,univ of tenn-chattanooga,tn,37403-2504,8/23/2017
kennesaw,kennesaw state university,ga,30144-5588,8/23/2017
greenville,east carolina univ,nc,27858,8/23/2017
san antonio,univ of texas - san antonio,tx,78249,8/23/2017
boise,boise state university,id,83725,8/23/2017
tulsa,tulsa comm coll-metro cmps,ok,74119,8/23/2017
winter haven,polk state coll - winter haven,fl,33881,8/23/2017
cedar falls,university of northern iowa,ia,50614-0012,8/23/2017
hillsboro,hill college - hillsboro campu,tx,76645,8/23/2017
charlotte,univ of nc - charlotte,nc,28223-0001,8/23/2017
baton rouge,louisiana state university,la,70803,8/23/2017
charlotte,ctrl piedmont cc - e 7th st,nc,28204-2019,8/23/2017
cedar rapids,kirkwood community college,ia,52404-5260,8/23/2017
chapel hill,univ of nc - chapel hill,nc,27599,8/23/2017
alexandria,no virginia cc - alexandria,va,22311,8/23/2017
fayetteville,fayetteville tech comm coll,nc,28303-4761,8/23/2017
coral gables,university of miami,fl,33146-2440,8/23/2017
chula vista,southwestern college,ca,91910,8/23/2017
boca raton,florida atlantic university,fl,33431-6424,8/23/2017
clemson,clemson university,sc,29634,8/23/2017
state university,arkansas state u-main,ar,72467,8/23/2017
raleigh,shaw university,nc,27601-2341,8/23/2017
san luis obispo,cuesta college,ca,93405,8/23/2017
archbold,northwest state c c,oh,43502-9517,8/23/2017
palatine,wm rainey harper college,il,60067-7373,8/23/2017
delaware,ohio wesleyan university,oh,43015-2333,8/23/2017
savannah,savannah technical college,ga,31405-5521,8/23/2017
springfield,missouri st univ-sprngfl,mo,65897-0027,8/23/2017
washington,howard university,dc,20059,8/23/2017
richmond,eastern kentucky university,ky,40475-3100,8/23/2017
london,kctcs-somerset-laurel north,ky,40741-6737,8/23/2017
west lafayette,purdue univ,in,47907,8/23/2017
caldwell,coll of western idaho,id,83605,8/23/2017
saint charles,st charles cty cmty college,mo,63301-4414,8/23/2017
arkadelphia,henderson state univ,ar,71999-0001,8/23/2017
davie,broward coll-central,fl,33314-1604,8/23/2017
lincoln,univ of nebraska - lincoln,ne,68588,8/23/2017
lexington,university of kentucky,ky,40506,8/23/2017
peoria,bradley university,il,61625-0001,8/23/2017
mankato,minnesota st univ-mankato,mn,56001,8/23/2017
evansville,univ of southern indiana,in,47712-3534,8/23/2017
mesquite,dallas cty comm coll,tx,75150,8/23/2017
notre dame,saint marys college - in,in,46556,8/23/2017
ridgecrest,cerro coso cmty college,ca,93555,8/23/2017
huntington,marshall university,wv,25755-0001,8/23/2017
louisville,university of louisville,ky,40292,8/23/2017
cleburn,hills college - cleburne,tx,76033,8/23/2017
troy,troy univ - main campus,al,36082,8/23/2017
springfield,ozarks tech comm college,mo,65802,8/23/2017
stockton,san joaquin delta college,ca,95207,8/23/2017
fullerton,cal state u - fullerton,ca,92831,8/23/2017
kirksville,truman state university,mo,63501-4200,8/23/2017
phoenix,phoenix college,az,85013,8/23/2017
sacramento,american river college,ca,95841,8/23/2017
houston,univ of houston,tx,77004,8/23/2017
pullman,washington state university,wa,99164,8/23/2017
charlottesville,university of virginia,va,22904,8/23/2017
cedar bluff,vccs - southwest va cc,va,24609-9364,8/23/2017
winona,winona state univ,mn,559875838,8/23/2017
norfolk,northeast community college,ne,68701-6831,8/23/2017
cincinnati,university of cincinnati,oh,45221-0001,8/23/2017
huntsville,sam houston state univ,tx,77340,8/23/2017
salem,corban university,or,97317-9392,8/23/2017
so holland,south suburban college,il,60473,8/23/2017
memphis,rhodes college,tn,38112-1624,8/23/2017
bowling green,bowling green state univ,oh,43403,8/23/2017
center valley,de sales university,pa,18034-9565,8/23/2017
glen ellyn,college of dupage,il,60137-6708,8/23/2017
rock hill,winthrop university,sc,29733-7001,8/23/2017
clinton,presbyterian college,sc,29325-2865,8/23/2017
bethlehem,northampton cmty coll,pa,18020-7568,8/23/2017
tuscaloosa,univ of ala-tuscaloosa,al,35487,8/23/2017
south charleston,bridgevalley ctc,wv,25303,8/23/2017
gainesville,university of florida,fl,32611,8/23/2017
columbia,univ of missouri-columbia,mo,65211,8/23/2017
leesburg,lake sumter state college,fl,34788-3950,8/23/2017
pleasant hill,diablo valley college,ca,94523,8/23/2017
wichita,wichita state university,ks,67260-9700,8/23/2017
fayetteville,u of arkansas-fayetteville,ar,72701,8/23/2017
neosho,crowder college,mo,64850-9165,8/23/2017
greenwood,lander university,sc,29649-2056,8/23/2017
curtis,university of nebraska,ne,69025-9525,8/23/2017
waleska,reinhardt college,ga,30183-2981,8/23/2017
decatur,east central community coll,ms,39327-8985,8/23/2017
springfield,wittenberg university,oh,45504-2534,8/23/2017
mount olive,university of mount olive,nc,28365-1263,8/23/2017
n charleston,trident tech coll,sc,29406-4607,8/23/2017
coeur d alene,north idaho college,id,83814,8/23/2017
pembroke pines,broward coll-south,fl,33024,8/23/2017
turlock,cal state u - stanislaus,ca,95382,8/23/2017
fresno,fresno city college,ca,93741,8/23/2017
chico,butte college - chico,ca,95928,8/23/2017
bakersfield,bakersfield college,ca,93305,8/23/2017
grand junction,colorado mesa university,co,81501-3122,8/23/2017
gainesville,santa fe college,fl,32606-6210,8/23/2017
belton,univ of mary hardin baylor,tx,76513,8/23/2017
kent,kent state university,oh,44242,8/23/2017
ames,iowa state university,ia,50011,8/23/2017
durham,north carolina central univ,nc,27707-3129,8/23/2017
denison,grayson county college,tx,75020,8/23/2017
auburn university,auburn u main campus,al,36849,8/23/2017
usaf academy,u s air force academy,co,80840,8/23/2017
los lunas,unm-main campus,nm,87031,8/23/2017
farmington,san juan college,nm,87402-4699,8/23/2017
mission,metropolitan community college,bc,v2v 3v5,8/23/2017
los angeles,univ of southern california,ca,90089,8/23/2017
anderson,anderson university,sc,29621-4002,8/23/2017
hattiesburg,u of southern mississippi,ms,39406-0001,8/23/2017
norfolk,norfolk state university,va,23504-8050,8/23/2017
normal,illinois state university,il,61790,8/23/2017
el dorado,butler co comm coll-el dora,ks,67042-3225,8/23/2017
fort worth,texas christian university,tx,76129,8/23/2017
las cruces,new mexico state university,nm,88003,8/23/2017
hilo,hawaii community college,hi,96720,8/23/2017
bowling green,western kentucky university,ky,42101-1000,8/23/2017
merced,merced college,ca,95348,8/23/2017
honolulu,univ of hawaii manoa campus,hi,96822,8/23/2017
bradenton,state coll of florida - bradenton,fl,34207-3522,8/23/2017
tampa,fl gulf coast chapter abc,fl,33607-3104,8/23/2017
ocala,college of central florida,fl,34474-4415,8/23/2017
bloomington,indiana univ bloomington,in,47405-7104,8/23/2017
statesboro,georgia southern university,ga,30460,8/23/2017
hammond,southeastern louisiana univ,la,70402,8/23/2017
amarillo,amarillo college,tx,79109-2411,8/23/2017
warren,macomb community college,mi,48088,8/23/2017
modesto,modesto junior college,ca,95350,8/23/2017
lake worth,palm beach state coll - lake worth,fl,33461-4705,8/23/2017
miami,fiu - university park campus,fl,33199,8/23/2017
butler,butler county cmty college,pa,16001,8/23/2017
brookings,south dakota state univ -br,sd,57007,8/23/2017
raleigh,north carolina state univ,nc,27695,8/23/2017
williston,williston state college,nd,58801-4464,8/23/2017
el reno,redlands community college,ok,73036,8/23/2017
cleburn,hill college - johnson campus,tx,76033,8/23/2017
tahlequah,northeastern state univ,ok,74464,8/23/2017
rocklin,sierra college,ca,95677,8/23/2017
newtown,bucks county cmty coll,pa,18940-4106,8/23/2017
arkadelphia,ouachita baptist university,ar,71998-0001,8/23/2017
waco,baylor university,tx,76798,8/23/2017
ste anne bellevu,john abbott college,qc,h9x 3l9,8/23/2017
lawrenceville,gwinnett technical college,ga,30043-5702,8/23/2017
tempe,arizona state university,az,85281,8/23/2017
union,east central college,mo,63084-0529,8/23/2017
san bruno,skyline college,ca,94066,8/23/2017
greensboro,north carolina a & st univ,nc,27411-0002,8/23/2017
plant city,hillsborough cmty coll pc,fl,33563-1540,8/23/2017
edwardsville,so illinois u-edwardsville,il,62026-0001,8/23/2017
cullowhee,western carolina university,nc,28723,8/23/2017
saint cloud,saint cloud state univ,mn,56301,8/23/2017
anchorage,univ of alaska - anchorage,ak,99508,8/23/2017
muncie,ball state university,in,47306-1022,8/23/2017
greeley,univ of northern colorado,co,80639,8/23/2017
omaha,creighton university,ne,68178-0001,8/23/2017
west columbia,midlands tech coll,sc,29170-2176,8/23/2017
montgomery,alabama state university,al,36104-5732,8/23/2017
coolidge,central arizona coll,az,85128,8/23/2017
cumberland,allegany college of maryland,md,215022596,8/23/2017
salt lake city,university of utah,ut,84112-9156,8/23/2017
plainview,wayland baptist university,tx,79072,8/23/2017
raleigh,wake technical comm coll,nc,27603-5655,8/23/2017
madison,dakota state university,sd,57042,8/23/2017
stillwater,oklahoma state university,ok,74078,8/23/2017
indianapolis,iupui,in,46202,8/23/2017
fort myers,florida gulf coast univ,fl,33965-6565,8/23/2017
virginia beach,tidewater cc-virginia beach,va,23453-1918,8/23/2017
tampa,hillsborough cc/admin,fl,33606,8/23/2017
tucson,university of arizona,az,85721,8/23/2017
denver,univ of colorado denver,co,80202,8/23/2017
honolulu,kapiolani community college,hi,96816,8/23/2017
minneapolis,minneapolis comm & tech coll,mn,55403-1710,8/23/2017
bloomington,normandale cmty college,mn,55431,8/23/2017
carrollton,west ga tech - carroll,ga,30116-6476,8/23/2017
columbus,columbus tech,ga,31904-6535,8/23/2017
muscle shoals,nw-shoals comm college-ms,al,35661,8/23/2017
west haven,university of new haven,ct,06516-1916,8/23/2017
lafayette,univ of louisiana - lafayette,la,70506,8/23/2017
leesburg,beacon college,fl,34748,8/23/2017
wichita falls,vernon college - wichita fall,tx,76308,8/23/2017
mesquite,eastfield college,tx,75150,8/23/2017
marietta,chattahoochee technical college,ga,30066,8/23/2017
hammond,northshore tech cc - hammond,la,70401-9501,8/23/2017
st george,dixie state university,ut,84770,8/23/2017
phoenix,arizona state univ - downtown,az,85004,8/23/2017
tucson,pima college downtown,az,85709,8/23/2017
springfield,ozarks technical college,mo,65802-3625,8/23/2017
mayville,mayville state university,nd,58257-1217,8/23/2017
fresno,cal state u - fresno,ca,93740,8/23/2017
university,university of mississippi,ms,38677,8/23/2017
poplar bluff,three rivers cmty college,mo,63901,8/23/2017
selma,wallace comm coll - selma,al,36703-2867,8/23/2017
omaha,univ of nebraska - omaha,ne,68182-2000,8/23/2017
sugar grove,waubonsee comm coll,il,60554,8/23/2017
morehead,morehead state university,ky,40351,8/23/2017
kansas city,univ missouri - kansas city,mo,64110-2446,8/23/2017
chandler,chandler-gilbert cc - chandler,az,85225,8/23/2017
athens,university of georgia,ga,30602,8/23/2017
manhattan,kansas state university,ks,66506,8/23/2017
bentonville,northwest arkansas cmty col,ar,72712,8/23/2017
orlando,univ of central florida,fl,32816-0001,8/23/2017
new port richey,pasco hernando st coll - npr,fl,34654,8/23/2017
dallas,southern methodist univ,tx,75205,8/23/2017
wahpeton,north dakota global online campus,nd,58076,8/23/2017
clearwater,st petersburg coll-clearwater,fl,33765-2816,8/23/2017
wilmington,cape fear community college,nc,28401-3910,8/23/2017
colorado springs,univ colorado-colorado sprg,co,80918,8/23/2017
wausau,north cntrl tech c-wausau,wi,54401-1880,8/23/2017
university park,penn state univ-univ park,pa,16802,8/23/2017
rock island,augustana college,il,61201,8/23/2017
tulsa,university of tulsa,ok,74104,8/23/2017
mankato,mankato state university,mn,56001,8/23/2017
macon,central ga tech - macon,ga,31206-3628,8/23/2017
dallas,gaston college,nc,28034-1402,8/23/2017
prescott,yavapai college,az,86301,8/23/2017
jacksonville,edward waters college,fl,32209-6167,8/23/2017
altamonte springs,seminole state - altamonte spring,fl,32714,8/23/2017
chico,cal state u - chico,ca,95929,8/23/2017
oroville,butte college,ca,95965,8/23/2017
pittsburg,los medanos college,ca,94565,8/23/2017
conway,univ of sc - coastal carolina,sc,29526,8/23/2017
south bend,ivy tech comm coll - south bend,in,46601-3415,8/23/2017
tyler,tyler junior college,tx,75701,8/23/2017
greensboro,univ of nc - greensboro,nc,27403,8/23/2017
tucson,pima college-west campus,az,85709,8/23/2017
melrose park,triton college,il,60160,8/23/2017
savannah,armstrong state university,ga,314191997,8/23/2017
portales,eastern nm univ - portales,nm,88130,8/23/2017
linn,state tech coll of missouri,mo,65051,8/23/2017
dallas,el centro college,tx,75202,8/23/2017
deerfield,trinity international univ,il,60015-1241,8/23/2017
brooksville,pasco-hernando st coll - north,fl,34601,8/23/2017
coconut creek,broward coll-north,fl,33066-1615,8/23/2017
poplarville,pearl river cc-poplarville,ms,39470-2216,8/23/2017
conway,coastal carolina university,sc,29526-8279,8/23/2017
keysville,vccs - southside va cc - daniel,va,23947-3559,8/23/2017
berea,baldwin wallace college,oh,44017-2005,8/23/2017
hickory,lenoir rhyne university,nc,28601,8/23/2017
apache junction,central az coll - apache junct,az,85119,8/23/2017
st louis,univ of missouri-st louis,mo,63121,8/23/2017
corning,corning cmty coll,ny,14830-3297,8/23/2017
visalia,college of the sequoias,ca,93277,8/23/2017
providence,rhode island college,ri,2908,8/23/2017
austin,austin c c - highland bus ctr,tx,78752,8/23/2017
cicero,morton college,il,60804-4300,8/23/2017
minot,minot state university,nd,58707-0001,8/23/2017
lawrence,university of kansas,ks,66045,8/23/2017
jacksonville,university of north florida,fl,32224-7699,8/23/2017
saint louis,st louis cc - forest park,mo,63110-1316,8/23/2017
greenwood,piedmont technical college,sc,29648-1467,8/23/2017
elgin,elgin community college,il,60123-7189,8/23/2017
greenville,greenville technical coll,sc,29607-2418,8/23/2017
ada,east central university,ok,74820,8/23/2017
mississippi stat,mississippi state univ,ms,39762,8/23/2017
lafayette,ivy tech comm coll - lafayette,in,47905-5241,8/23/2017
lake city,florida gateway college,fl,32025-2006,8/23/2017
rocky mount,nash community college,nc,27804-9708,8/23/2017
charleston,charleston southern univ,sc,29406-9121,8/23/2017
belleville,southwestern illinois college,il,62221-5859,8/23/2017
mesa,mesa community college,az,85202,8/23/2017
westminster,front range c c - westminster,co,80031,8/23/2017
dahlonega,univ of n georgia -dahlonega,ga,30597,8/23/2017
lake charles,mcneese state university,la,70609-0001,8/23/2017
north little rock,pulaski technical college,ar,72118-3347,8/23/2017
crystal lake,mchenry county college,il,60012-2738,8/23/2017
joplin,ozark christian college,mo,64801,8/23/2017
gaffney,limestone college gaffney,sc,29340-3778,8/23/2017
fredonia,state univ coll at fredonia,ny,14063-1127,8/23/2017
vermillion,university of south dakota,sd,57069-2307,8/23/2017
beaufort,tech coll of the low ctry,sc,29902-5441,8/23/2017
saint petersburg,univ of south florida st petersburg,fl,33701-5016,8/23/2017
scooba,east mississippi comm coll,ms,39358,8/23/2017
cocoa,eastern fl st coll - cocoa,fl,32922-6598,8/23/2017
new york,city college of cuny,ny,10031-9101,8/23/2017
kearney,u of nebraska-kearney,ne,68849-0001,8/23/2017
duluth,lake superior college,mn,55811-3349,8/23/2017
wesley chapel,pasco hernando st coll - porter,fl,33543,8/23/2017
san jacinto,mount san jacinto college,ca,92583,8/23/2017
salisbury,rowan cabarrus comm coll,nc,28146-8357,8/23/2017
charleston,college of charleston,sc,29424-0001,8/23/2017
milledgeville,georgia coll & state univ,ga,31061,8/23/2017
columbus,capital university,oh,43209,8/23/2017
meridian,meridian cc,ms,39307-5801,8/23/2017
albany,albany state university,ga,31705-2717,8/23/2017
chicago,depaul university,il,60614-3282,8/23/2017
san marcos,texas state univ - san marcos,tx,78666,8/23/2017
wildwood,st louis comm coll - wildwood,mo,63040-1168,8/23/2017
galesburg,carl sandburg coll-galesburg,il,61401-9574,8/23/2017
senatobia,northwest miss comm coll,ms,38668-1714,8/23/2017
fort wayne,in univ-purdue univ - ft wayne,in,46805,8/23/2017
augusta,georgia regents univ,ga,30904-4562,8/23/2017
albuquerque,univ of new mexico sch med,nm,87131,8/23/2017
spruce pine,mayland community college,nc,28777-8434,8/23/2017
tarpon springs,st petersburg coll-tarpon spg,fl,34689-1299,8/23/2017
fredericksburg,university of mary washington,va,22401-5300,8/23/2017
iowa city,university of iowa,ia,52242,8/23/2017
booneville,northeast miss cc,ms,38829-1726,8/23/2017
fargo,north dakota st university,nd,58102,8/23/2017
high point,high point university,nc,27262-4221,8/23/2017
hilo,univ of hawaii at hilo,hi,967204091,8/23/2017
aurora,metropolitan st univ of denver,co,80014,8/23/2017
tupelo,itawamba cc-tupelo,ms,38804-5981,8/23/2017
oceanside,mira costa college,ca,92056,8/23/2017
san diego,san diego miramar college,ca,92126,8/23/2017
pembroke,univ of nc - pembroke,nc,28372,8/23/2017
richland,wsu - tri cities,wa,99354-1671,8/23/2017
kutztown,kutztown university,pa,19530,8/23/2017
council bluffs,iowa wstn cc-council bluffs,ia,51503-1057,8/23/2017
wilmington,univ of nc - wilmington,nc,28403-3201,8/23/2017
hampden sydney,hampden-sydney college,va,23943,8/23/2017
fort smith,ua fort smith,ar,72904,8/23/2017
charleston,trident tech - palmer,sc,29403-5637,8/23/2017
morgantown,west virginia university,wv,26506,8/23/2017
lakeland,polk state coll - lakeland,fl,33803,8/23/2017
east peoria,illinois central college,il,61635-0001,8/23/2017
north las vegas,coll of s nv - cheyenne,nv,89030,8/23/2017
winchester,shenandoah university,va,22601-5100,8/23/2017
dover,del tech & cc - dover,de,19904-1383,8/23/2017
dickinson,dickinson state univ,nd,58601-4853,8/23/2017
st leo,saint leo university,fl,33574,8/23/2017
carbondale,so illinois univ-carbondale,il,62901,8/23/2017
columbus,ohio state univ - main,oh,43210,8/23/2017
weatherford,southwestern okla state unv,ok,73096,8/23/2017
los lunas,unm-valencia,nm,87031,8/23/2017
south bend,indiana univ - south bend,in,46615-1408,8/23/2017
fort collins,colorado st univ - ft collins,co,80523,8/23/2017
springfield,lincoln land cmty college,il,62794-9256,8/23/2017
crookston,university of minnesota - crookston,mn,56716-5000,8/23/2017
hays,fort hays state university,ks,67601-4009,8/23/2017
tallahassee,tallahassee community colle,fl,32304-2815,8/23/2017
farmville,longwood university,va,23909,8/23/2017
tampa,hillsborough cmty coll dm,fl,33614-7810,8/23/2017
arlington,univ of texas - arlington,tx,76019,8/23/2017
aurora,community coll of aurora,co,80011,8/23/2017
dayton,sinclair community college,oh,45402-1421,8/23/2017
atlanta,atlanta metro college,ga,30310-4448,8/23/2017
naples,southwest florida college,fl,33962,8/23/2017
lawrenceburg,ivy tech comm coll - lawrenceb,in,47025,8/23/2017
gary,indiana univ northwest,in,46408-1101,8/23/2017
hartford,connecticut state colleges & universities,ct,6105,8/23/2017
palatka,st johns river st coll - palatka,fl,32177-3807,8/23/2017
grand forks,university of north dakota,nd,58202,8/23/2017
overland park,johnson county cmty college,ks,66210,8/23/2017
middletown,lord fairfax cc - middletown,va,22645-1745,8/23/2017
athens,ohio university - athens,oh,45701,8/23/2017
savannah,savannah state university,ga,31404-5254,8/23/2017
san jose,san jose state university,ca,95192,8/23/2017
detroit,wayne state university,mi,48202,8/23/2017
bettendorf,scott comm coll,ia,52722-5649,8/23/2017
rochester,rochester comm & tech coll,mn,55904-4915,8/23/2017
laredo,texas a & m international u,tx,78041,8/23/2017
new albany,indiana univ-southeast cmp,in,47150-2158,8/23/2017
knoxville,university of tennessee,tn,37996-0341,8/23/2017
smithfield,johnston community college,nc,27577-2350,8/23/2017
denton,texas womans university,tx,76204,8/23/2017
yuma,arizona western college,az,85365,8/23/2017
arcata,humboldt state university,ca,95521,8/23/2017
west columbia,midlands tech c-airport,sc,29170-2176,8/23/2017
adrian,adrian college,mi,49221-2518,8/23/2017
mc kenzie,bethel univ - mckenzie,tn,38201-1769,8/23/2017
oglesby,ill valley comm coll,il,61348-9692,8/23/2017
philadelphia,la salle university,pa,19141-1108,8/23/2017
pleasanton,chabot-las positas cc,ca,94588,8/23/2017
nelsonville,hocking college,oh,45764-9582,8/23/2017
shalimar,univ of florida-gainesville,fl,32579-1163,8/23/2017
palos hills,moraine valley cmty coll,il,60465-1444,8/23/2017
fredericksburg,germanna comm coll,va,22408,8/23/2017
newark,del tech stanton/newark,de,19713-2111,8/23/2017
las vegas,new mexico highlands univ,nm,87701,8/23/2017
white bear lake,century comm tech college,mn,55110-1842,8/23/2017
richmond,indiana univ east,in,47374-1220,8/23/2017
roswell,eastern nm univ - roswell,nm,88201,8/23/2017
salt lake city,salt lake community college,ut,84123,8/23/2017
perrysburg,owens community college,oh,43551,8/23/2017
joliet,joliet junior college,il,60431-8938,8/23/2017
tucson,pima cc - comm campus,az,857096000,8/23/2017
universal city,accd - ne lakeview campus,tx,78148,8/23/2017
lancaster,univ of sc - lancaster,sc,29720-5615,8/23/2017
morganton,western piedmont cc,nc,28655-4504,8/23/2017
tuscaloosa,shelton state cc,al,35405-8522,8/23/2017
monterey park,east los angeles coll - mp,ca,91754,2/10/2015
worcester,worcester state university,ma,01602-2861,2/10/2015
boulder,univ of colorado boulder,co,80309,2/10/2015
pasadena,pasadena city college,ca,91106,2/10/2015
toledo,university of toledo,oh,43606-3328,2/10/2015
edison,middlesex cnty coll-edison,nj,8818,2/10/2015
bronx,bronx community college,ny,10453-2804,2/10/2015
beeville,coastal bend college,tx,78102,2/10/2015
tulsa,tulsa comm coll se,ok,74133,2/10/2015
college station,texas a & m univ - college stn,tx,77843,2/10/2015
college park,univ maryland college park,md,20742,2/10/2015
huntington beach,golden west college,ca,92647,2/10/2015
warwick,cmty coll of r i-warwick,ri,02886-1805,2/10/2015
palm desert,college of the desert,ca,92260,2/10/2015
rochester,rochester inst of tech,ny,14623-5603,2/10/2015
valencia,college of the canyons,ca,91355,2/10/2015
rockville,montgomery coll-rockville,md,20855-2811,2/10/2015
york,hacc york,pa,17404,2/10/2015
houston,univ of houston-downtown,tx,77002,2/10/2015
austin,univ of texas - austin,tx,78712,2/10/2015
baltimore,maryland inst coll of art,md,21217-4134,2/10/2015
saint petersburg,st petersburg coll-st pete/gib,fl,33710-6801,2/10/2015
san diego,san diego state university,ca,92182,2/10/2015
san diego,san diego mesa college,ca,92111,2/11/2015
irvine,irvine valley college,ca,92618,2/11/2015
menifee,mt san jacinto coll - menifee,ca,92584,2/11/2015
san marcos,palomar college,ca,92069,2/11/2015
new york,new york university,ny,10012,2/11/2015
oregon city,clackamas community college,or,97045,2/11/2015
baltimore,university of maryland-baltimore cty,md,21250-0001,2/11/2015
alice,coastal bend coll/alice cmp,tx,78332,2/11/2015
portsmouth,tidewater cc-portsmouth,va,23701,2/11/2015
flagstaff,northern arizona university,az,86011,2/11/2015
holyoke,holyoke comm coll,ma,01040-1091,2/11/2015
paramus,bergen community college,nj,07652-1508,2/11/2015
nashville,lipscomb university,tn,37204,2/11/2015
trinidad,trinidad state jr college,co,81082,2/11/2015
millersville,millersville university,pa,17551,2/11/2015
indianapolis,ivy tech comm coll - central,in,46208-5752,2/11/2015
burlington,univ of vermont,vt,05405-0001,2/11/2015
lynnwood,edmonds cmty coll-lynnwood,wa,98036,2/11/2015
teaneck,fdu teaneck,nj,7666,2/11/2015
carrollton,univ of west ga - carrollton,ga,30118-0001,2/11/2015
des plaines,oakton community college,il,60016-1234,2/11/2015
reedley,reedley clg,ca,93654,2/11/2015
sweet briar,sweet briar college,va,24595-5001,2/11/2015
ypsilanti,eastern michigan univ,mi,48197,2/11/2015
terre haute,indiana state university,in,47809-1902,2/11/2015
saint petersburg,eckerd college,fl,33711-4744,2/11/2015
albany,university at albany,ny,12222-0001,2/11/2015
cincinnati,xavier university,oh,45207-1035,2/11/2015
spearfish,black hills state univ,sd,57799-8840,2/11/2015
tucson,pima comm coll/desert vista,az,857096000,2/11/2015
dearborn,univ of michigan-dearborn,mi,48128-2406,2/11/2015
casper,university of wyoming,wy,82601,2/11/2015
dekalb,northern illinois univ,il,60115,2/11/2015
norfolk,tidewater comm coll/norfolk,va,23510-1910,2/11/2015
valley glen,los angeles valley college,ca,914014096,2/11/2015
worcester,clark university,ma,1610,2/11/2015
cheney,eastern washington univ,wa,99004,2/12/2015
avon park,south florida state coll,fl,33825,2/12/2015
west barnstable,cape cod comm coll,ma,02668-1532,2/12/2015
russellville,arkansas tech university,ar,72801,2/12/2015
chesapeake,tidewater cc-chesapeake,va,23322-7108,2/12/2015
irving,univ of dallas,tx,75062,2/12/2015
norfolk,george washington univ,va,23502,2/12/2015
glendale,arizona state univ - west,az,85306-4908,2/12/2015
poughkeepsie,marist college,ny,12601-1350,2/12/2015
kalamazoo,western michigan univ,mi,49008,2/12/2015
delhi,suny - delhi,ny,13753,2/12/2015
schuylkill haven,penn state u schuylkill,pa,17972-2202,2/12/2015
marion,marion technical college,oh,43302,2/12/2015
cedar city,southern utah university,ut,84720,2/12/2015
oakland,laney college,ca,94607,2/12/2015
long beach,long beach city college - a,ca,90808,2/12/2015
clarinda,iowa western cc-clarinda,ia,51632,2/12/2015
honolulu,hawaii pacific university,hi,96813,2/12/2015
milwaukee,univ of wisconsin - milwaukee,wi,53211,2/12/2015
torrance,el camino college,ca,90506,2/13/2015
chicago,univ of illinois at chicago,il,60607-7100,2/13/2015
new orleans,university of new orleans,la,70148-0001,2/13/2015
malta,kishwaukee community coll,il,60150,2/13/2015
honolulu,chaminade university,hi,96816,2/13/2015
new york,cuny hunter college,ny,10021,2/13/2015
canton,walsh university,oh,44720-3336,2/13/2015
commerce,texas a & m univ - commerce,tx,75428,2/13/2015
blacksburg,virginia tech,va,24061,2/13/2015
denver,community college of denver,co,80204,2/14/2015
kingsville,coastal bend college-kingsvill,tx,78363,2/14/2015
seminole,st petersburg coll - seminole,fl,33772-2800,2/14/2015
hayward,chabot college,ca,94545,2/15/2015
watertown,jefferson community college,ny,13601-1822,2/15/2015
university center,saginaw valley state univ,mi,48710-0001,2/15/2015
louisville,kctcs-jefferson-downtown,ky,40202-2005,2/16/2015
logan,utah state university,ut,84322,2/16/2015
battle creek,kellogg community college,mi,49017-3306,2/16/2015
saddle river,prentice hall university,nj,07458-1813,2/16/2015
portland,portland cc-cascade,or,97217,2/16/2015
tallahassee,florida state university,fl,32306,2/16/2015
glendale,glendale community college,ca,91208,2/16/2015
sioux falls,university of sioux falls,sd,57105,2/17/2015
montclair,montclair state university,nj,07043-1624,2/17/2015
bellingham,western washington univ,wa,98225,2/17/2015
columbus,columbus state university,ga,31907-5679,2/17/2015
valhalla,westchester cmty college,ny,10595-1550,2/17/2015
bristol,roger williams university,ri,02809-2923,2/17/2015
orange,chapman univ-orange,ca,92866,2/17/2015
tallahassee,florida agric & mech univ,fl,32307,2/17/2015
las vegas,univ of nevada las vegas,nv,89154,2/18/2015
bellevue,bellevue university,ne,68005-3058,2/18/2015
norfolk,old dominion university,va,23529-0001,2/19/2015
big rapids,ferris state university,mi,49307-2251,2/19/2015
riverside,riverside city college,ca,92506,2/19/2015
memphis,university of memphis,tn,38152-0001,2/19/2015
medford,delta college,or,97504,2/19/2015
portland,portland cmty coll sylvania,or,97219,2/19/2015
norco,norco college,ca,92860-2600,2/19/2015
los angeles,los angeles city college,ca,90029,2/19/2015
wheeling,wheeling jesuit university,wv,26003,2/20/2015
boaz,snead state comm college,al,35957-1650,2/20/2015
moreno valley,moreno valley college,ca,92551-2045,2/20/2015
ft wayne,univeristy of st francis,in,46807,2/21/2015
bayside,queensborough cc of cuny,ny,11364,2/22/2015
new york,fashion institute of tech,ny,10001,2/22/2015
rockford,rock valley college,il,61114-5640,2/22/2015
tucson,pima cc northwest,az,85709,2/23/2015
walnut,mount san antonio college,ca,91789,2/23/2015
villanova,villanova university,pa,19085-1603,2/23/2015
pearl city,leeward community college,hi,96782,2/24/2015
forest grove,pacific university,or,97116,2/24/2015
oakdale,dowling college,ny,11769-1906,2/24/2015
edinburg,univ of texas - pan american,tx,785412999,2/25/2015
santa rosa,santa rosa junior college,ca,95401,2/25/2015
nacogdoches,stephen f austin state univ,tx,75961,2/25/2015
rohnert park,sonoma state university,ca,94928,2/26/2015
valparaiso,valparaiso university,in,46383,2/27/2015
columbus,sales associates,oh,43235,3/1/2015
santa monica,santa monica college,ca,90405,3/4/2015
west plains,missouri st u-west plain,mo,65775-2715,3/4/2015
san francisco,golden gate univ-san francisco,ca,94105,3/4/2015
petaluma,santa rosa jr college,ca,94954,3/4/2015
chicago,loyola - chicago,il,60660,3/5/2015
naples,fl southwestern st coll - naples,fl,34113-8976,3/6/2015
batavia,genesee cc batavia,ny,14020,3/8/2015
scottsdale,scottsdale cmty college,az,85256,3/10/2015
grants,new mexico st u-grants,nm,87020,3/10/2015
laredo,laredo community college,tx,78040,11/8/2016
gainesville,brenau university,ga,30501,11/8/2016
new britain,central conn state univ,ct,06050-2439,11/8/2016
east stroudsburg,east stroudsburg university,pa,18301-2956,11/8/2016
knoxville,pellissippi st cmty coll,tn,37932,11/8/2016
jacksonville,fl st coll - jacksonville deerwood,fl,32256-8102,11/8/2016
westminster,mcdaniel college,md,21157-4303,11/8/2016
midland,midland college,tx,79705,11/8/2016
fountain valley,coastline cmty coll,ca,92708,11/8/2016
albuquerque,central new mexico comm coll,nm,87106,11/8/2016
sacramento,sacramento city college,ca,95822,11/8/2016
bend,central oregon cmty college,or,97701,11/8/2016
allendale,gvsu - allendale,mi,49401-9401,11/8/2016
grand rapids,grand rapids cmty coll,mi,49503,11/8/2016
fond du lac,moraine park tech coll,wi,54935-2884,11/8/2016
fort yates,sitting bull college,nd,58538-9721,11/8/2016
buffalo,university at buffalo,ny,14260-1660,11/8/2016
chicago,harold washington college,il,60601-2408,11/8/2016
wichita falls,midwestern state university,tx,76308,11/8/2016
midwest city,rose state college,ok,73110,11/8/2016
campbellsville,campbellsville universtiy,ky,42718-2190,11/8/2016
irving,north lake college,tx,75038,11/8/2016
collegedale,southern adventist univ,tn,37315,11/8/2016
wilkesboro,wilkes community college,nc,28697-2102,11/8/2016
paris,paris jr coll-paris,tx,75460,11/8/2016
new olreans,delta intl univ of new orleans,la,70170,11/8/2016
evanston,northwestern university,il,60208-0873,11/8/2016
troy,hudson valley community col,ny,12180-6037,11/8/2016
selden,suffolk county cc (ammerman),ny,11784-2851,11/8/2016
provo,brigham young univ-provo,ut,84602,11/8/2016
san diego,western american university,ca,92108,11/8/2016
manchester,manchester community college,nh,03102-8528,11/8/2016
reno,univ of nevada sch medicine,nv,89557,11/8/2016
bloomsburg,bloomsburg university,pa,17815-1301,11/8/2016
fremont,ohlone college,ca,94539,11/8/2016
ridgeland,holmes comm coll-ridgeland,ms,39157-1815,11/8/2016
kankakee,kankakee community college,il,60901-6505,11/8/2016
lancaster,antelope valley college,ca,93536,11/9/2016
dowagiac,southwestern michigan coll,mi,49047,11/9/2016
brooklyn,long island univ (brooklyn),ny,11201-5301,11/9/2016
duluth,univ of minnesota-duluth,mn,55812-2403,11/9/2016
acworth,chatt tech - north metro,ga,30102-3129,11/9/2016
sylmar,los angeles mission college,ca,91342,11/9/2016
brooklyn,kingsborough cmty college,ny,11235,11/9/2016
victorville,victor valley college,ca,92395,11/9/2016
lebanon,mckendree university,il,62254-1291,11/9/2016
dallas,richland college,tx,75243,11/9/2016
nashville,tennessee st univ-main camp,tn,37209-1500,11/9/2016
philadelphia,comm college of philadelphi,pa,19130-3936,11/9/2016
pikeville,kctcs-big sandy-pikeville,ky,41501,11/9/2016
mount pleasant,central michigan university,mi,48859,11/9/2016
orange,career networks institute,ca,92868,11/9/2016
columbia,univ of sc - columbia,sc,29208,11/9/2016
kirtland,lakeland comm college,oh,44094-5198,11/9/2016
tomball,lonestar college - tomball,tx,77375,11/9/2016
shelby,cleveland county comm coll,nc,28152-6224,11/9/2016
oshkosh,univ of wisconsin - oshkosh,wi,54901-3551,11/9/2016
melbourne,eastern fl st coll - melbourne,fl,32935-2310,11/9/2016
blackwood,camden county college,nj,8012,11/9/2016
buffalo,erie cmty coll-city campus,ny,14203-2601,11/9/2016
elizabethtown,kctcs-elizabethtown,ky,42701-3053,11/10/2016
vancouver,clark college,wa,98663,11/10/2016
lubbock,wayland baptist univ lubboc,tx,79407,11/10/2016
santa maria,allan hancock college,ca,93454,11/10/2016
ellensburg,central washington univ,wa,98926,11/10/2016
biloxi,william carey univ - gulfport,ms,39532,11/10/2016
napa,napa valley college,ca,94558,11/10/2016
goodman,holmes community college,ms,39079,11/10/2016
odessa,odessa college,tx,79764,11/10/2016
dover,delaware state university,de,19901-2202,11/10/2016
welland,niagara college,on,l3c 7l3,11/10/2016
portland,portland state university,or,97201,11/10/2016
new york,american business institute,ny,10019-6700,11/10/2016
clarksville,austin peay state univ,tn,37040-3086,11/10/2016
plymouth,quincy -plymouth college,ma,02360-3309,11/10/2016
jackson,jackson community college,mi,49201-8395,11/10/2016
new castle,wilmington university,de,19720-6434,11/11/2016
south euclid,notre dame college of ohio,oh,44121-4228,11/11/2016
ft worth,tarrant cnty coll nw,tx,76179,11/11/2016
rock hill,york technical college,sc,29730-7318,11/11/2016
ashland,southern oregon university,or,97520,11/11/2016
cupertino,de anza college,ca,95014,11/11/2016
kissimmee,valencia coll - osceola,fl,34744-3714,11/11/2016
new orleans,delgado cmty clg,la,70119-4399,11/11/2016
santa fe,santa fe comm college,nm,87508,11/11/2016
new brunswick,rutgers state univ nj,nj,8903,11/11/2016
new york,borough manhattan cc,ny,10007-1044,11/11/2016
danville,kctcs-bluegrass-danville,ky,40422-9690,11/11/2016
sturgeon bay,northeast wi tech coll,wi,54235-1317,11/11/2016
canton,stark state collof technology,oh,44720-7228,11/12/2016
el paso,univ of texas - el paso,tx,79968,11/12/2016
anchorage,alaska whole health inst,ak,99503,11/12/2016
houston,lonestar college - univ park,tx,77070-2607,11/12/2016
palm beach gardens,palm beach state coll - north,fl,33410-2802,11/12/2016
killeen,central texas college,tx,76549,11/12/2016
kansas city,univ of kansas,ks,66100,11/12/2016
kaneohe,windward community college,hi,96744,11/12/2016
arnold,anne arundel cmty college,md,21012-1857,11/13/2016
rancho cucamonga,chaffey clg,ca,91737,11/13/2016
porterville,porterville college,ca,93257,11/13/2016
beaumont,lamar university,tx,77710,11/13/2016
university heights,john carroll university,oh,44118,11/13/2016
corvallis,oregon state university,or,97331,11/14/2016
st petersburg,st petersburg coll - downtown,fl,33701,11/14/2016
huntington,mountwest comm & tech college,wv,25701,11/14/2016
harrisonburg,james madison university,va,22807-0001,11/14/2016
levelland,south plains college,tx,79336,11/14/2016
auburn,green river comm college,wa,98092,11/14/2016
coon rapids,anoka ramsey cc - coon rapids,mn,55433,11/14/2016
galveston,galveston college,tx,77550,11/14/2016
cincinnati,univ of cincinnati/univ clg,oh,45221-0001,11/14/2016
fort worth,tarrant county college district,texas,76102,11/14/2016
sanford,seminole st coll of florida,fl,32773-6132,11/14/2016
california,california univ of pa,pa,15419-1341,11/14/2016
towson,towson university,md,21252-0001,11/14/2016
canandaigua,finger lakes comm coll,ny,14424-8347,11/14/2016
west long branch,monmouth univ,nj,07764-1804,11/15/2016
worcester,quinsigamond community coll,ma,01606-2064,11/15/2016
irvine,univ of calif - irvine,ca,92717,11/15/2016
utica,mohawk valley cmty college,ny,13501-5308,11/15/2016
indianapolis,ivy tech state coll - indianap,in,46208-4777,11/15/2016
radford,radford university,va,24142,11/15/2016
shelbyville,kctcs-jefferson-shelby county,ky,40065-9447,11/15/2016
san antonio,texas a & m university-san antonio,tx,78224,11/15/2016
grayslake,college of lake county,il,60030,1/29/2016
phoenix,paradise valley comm coll,az,85032,1/29/2016
chicago,loyola univ - water tower,il,60611,1/29/2016
frisco,collin college - preston rdge,tx,75035,1/29/2016
oxford,miami univ - oxford,oh,45056-1846,1/29/2016
san marcos,cal state u - san marcos,ca,92096,1/29/2016
waukesha,uwc - waukesha,wi,53188-2720,1/29/2016
storrs,univ of connecticut-storrs,ct,6269,1/29/2016
green bay,ne wisconsin tech clg-gb,wi,54303,1/29/2016
northridge,cal state u - northridge,ca,91330,1/29/2016
sacramento,cal state u - sacramento,ca,95819,1/29/2016
new paltz,suny at new paltz,ny,12561-2447,1/29/2016
slippery rock,slippery rock univ of pa,pa,16057-1313,1/29/2016
monroe,univ of louisiana at monroe,la,71209-9000,1/29/2016
davie,florida atlantic u-davie,fl,33314,1/29/2016
durham,univ of new hampshire,nh,3824,1/29/2016
martin,univ of tennessee - martin,tn,38238-0001,1/29/2016
corsicana,navarro coll - corsicana,tx,75110,1/29/2016
sioux city,western iowa tech cc,ia,51106-1918,1/29/2016
missoula,university of montana,mt,59812-0003,1/29/2016
east lansing,michigan state university,mi,48824,1/29/2016
new haven,gateway cc - new haven,ct,6510,1/29/2016
dearborn,henry ford cmty college,mi,48128-2407,1/29/2016
kingston,university of rhode island,ri,02881-1124,1/29/2016
philadelphia,st josephs university,pa,19131-1308,1/29/2016
dayton,wright state university,oh,45435-0001,1/29/2016
sioux city,morningside college,ia,51106-1717,1/29/2016
cleveland,cleveland st cmty coll,tn,37312-2813,1/29/2016
frostburg,frostburg state university,md,21532-2303,1/29/2016
phoenix,south mountain comm college,az,85042,1/29/2016
shreveport,southern univ-shreveport,la,71107,1/29/2016
jamaica,st johns univ (queens),ny,11439-0001,1/29/2016
lubbock,texas tech university,tx,79409,1/29/2016
westfield,westfield state college,ma,01085-2580,1/29/2016
la junta,otero junior college,co,81050,1/29/2016
rio grande,university of rio grande,oh,45674-3100,1/29/2016
boca raton,palm beach state coll - south,fl,33431-6418,1/29/2016
salinas,hartnell community college,ca,93901,1/29/2016
spokane,spokane falls comm coll,wa,99224,1/29/2016
austin,austin c c - northridge,tx,787583190,1/29/2016
murfreesboro,middle tennessee state univ,tn,37132-0001,1/29/2016
batavia,univ cincinnati-clermont,oh,45103,1/29/2016
kalispell,flathead vly comm college,mt,59901-2622,1/29/2016
youngwood,westmoreland cnty cmty coll,pa,15697-1801,1/29/2016
champaign,univ of illinois - champaign,il,61820,1/29/2016
stephenville,tarleton state univ,tx,76402,1/29/2016
salem,salem state university,ma,01970-5348,1/29/2016
auburn hills,oakland cc - auburn hills,mi,48326,1/29/2016
indianapolis,university of indianapolis,in,46227-3630,1/29/2016
milwaukee,alverno college,wi,53215-4020,1/29/2016
tyler,univ of texas - tyler,tx,75799,1/29/2016
san diego,university of san diego,ca,92110,1/29/2016
reading,reading area comm college,pa,19602-1014,1/29/2016
largo,prince georges cmty college,md,20774-2109,1/29/2016
pomona,cal state polytech u-pomona,ca,91768,1/29/2016
billings,montana state univ - billings,mt,59101-0245,1/29/2016
johnstown,fulton montgomery cmty coll,ny,12095-3749,1/29/2016
lancaster,hacc lancaster,pa,17602-2633,1/29/2016
colorado spg,univ of colo-colo spr,co,80918,1/29/2016
lufkin,angelina college,tx,75904,1/29/2016
nashville,vanderbilt university,tn,37235-0001,1/29/2016
plattsburgh,suny - plattsburgh,ny,12901-2637,1/29/2016
wayne,william paterson university,nj,07470-2103,1/29/2016
north miami,fiu - biscayne bay campus,fl,33181,1/29/2016
plano,collin college - spr crk,tx,75074,1/29/2016
morrilton,univ of arkansas cc-morrilton,ar,72110,1/29/2016
lock haven,lock haven university,pa,17745-2342,1/29/2016
clermont,lake sumter cc - southlake campus,fl,34711,1/29/2016
chicago,malcolm x college,il,60612-3145,1/29/2016
paterson,passaic county cmty college,nj,7509,1/29/2016
la crosse,western tech coll,wi,54601-3368,1/29/2016
bridgewater,bridgewater state university,ma,2325,1/29/2016
frederick,frederick cmty college,md,21702-2964,1/29/2016
denver,colorado community college onl,co,80230,1/29/2016
brockton,massasoit community college,ma,2302,1/29/2016
macomb,western illinois university,il,61455-1367,1/29/2016
new haven,southern conn state univ,ct,06515-1330,1/29/2016
youngstown,youngstown state university,oh,44555-0001,1/29/2016
mission viejo,saddleback college,ca,92692,1/29/2016
bloomfield hills,oakland community college,mi,48304-2223,1/29/2016
wharton,wharton county jr college,tx,77488,1/29/2016
emporia,emporia state university,ks,66801,1/29/2016
menasha,uwc - fox valley,wi,54952-8002,1/29/2016
austin,austin c c - riverside,tx,78741,1/29/2016
san bernardino,cal state u - san bernardino,ca,92407,1/29/2016
buffalo,buffalo state college,ny,14222-1004,1/29/2016
patchogue,st josephs college - long island,ny,11772-2325,1/29/2016
morristown,walters st cmty coll,tn,37813-1908,1/29/2016
wilmington,del tech & cc wilmington,de,19801-2412,1/29/2016
huntington bch,coastline cc-huntngtn wstmn,ca,92649,1/29/2016
sugarland,wharton cty jr coll - sugarland,tx,77479,1/29/2016
rochester,oakland university,mi,48309-4402,1/29/2016
burlington,university of vermont,vt,05405-0001,1/29/2016
chicago,chicago state university,il,60628,1/29/2016
pine bluff,u arkansas-pine bluff,ar,71601-2799,1/29/2016
huntington,queens  huntington college,ny,11743,1/29/2016
fullerton,fullerton college,ca,92832,1/29/2016
tampa,university of tampa,fl,33606-1450,1/29/2016
colorado springs,pikes peak cc - centennial cmps,co,80906,1/29/2016
new york,john jay coll criminal just,ny,10019-1104,1/29/2016
hazard,kctcs-hazard,ky,41701,1/29/2016
aptos,cabrillo college,ca,95003,1/29/2016
las vegas,coll of s nv - charleston,nv,89146,1/29/2016
springfield,nvcc medical educ campus,va,22150-1913,1/29/2016
frankfort,kentucky state university,ky,40601-2334,1/29/2016
nanticoke,luzerne cty comm college,pa,18634-3814,1/29/2016
manchester,sthrn nh univ cont/online educ,nh,3101,1/29/2016
yakima,yakima valley comm coll,wa,98902,1/29/2016
richmond,virginia commonwealth university,va,23284,1/29/2016
athens,trinity valley cc - athens,tx,75751,1/29/2016
woodbridge,no virginia cc - woodbridge,va,22191,1/29/2016
phoenix,grand canyon university,az,85017,1/29/2016
jamestown,guilford tech comm coll,nc,27282-0309,1/29/2016
washington,trinity univeristy,dc,20017,1/29/2016
cleveland,cleveland state university,oh,44115-2214,1/29/2016
belle glade,palm beach state coll - glades,fl,33430-3611,1/29/2016
hurst,tarrant cnty coll ne,tx,76054,1/29/2016
columbus,ivy tech comm coll - columbus,in,47203-1868,1/29/2016
west windsor,mercer cnty c c-trenton,nj,08550-3407,1/29/2016
columbus,franklin university,oh,43215-5301,1/29/2016
el cajon,grossmont college,ca,92020,1/29/2016
marion,marion military institute,al,36756,1/29/2016
green bay,university of wisconsin - green bay,wi,54311,1/29/2016
buies creek,campbell university,nc,27506,1/29/2016
miami,miami-dade coll north,fl,33167,1/29/2016
kyle,austin cc - hays,tx,78640,11/15/2016
pittsburgh,univ of pittsburgh,pa,15260-0001,11/15/2016
farmington,tunxis cmty technical college,ct,06032-3324,11/15/2016
tuscaloosa,univ of alabama -nursing,al,35487-0001,11/15/2016
richmond,ivy tech comm coll - richmond,in,47374-1220,11/15/2016
san diego,advanced college of tech,ca,92123,11/16/2016
new orleans,delgado cc-west bank campus,la,70114-3047,11/16/2016
branchburg,raritan valley comm coll,nj,8876,11/16/2016
nj,test school s1,nj,1234,11/16/2016
lincoln,southeast cmty coll-lincoln,ne,68520,11/16/2016
newark,rutgers univ newark,nj,07102-1811,11/16/2016
placerville,folsom lake coll - el dorado,ca,95667,11/16/2016
hayward,cal state u - east bay,ca,94542,11/17/2016
asheville,ashevl buncombe tech coll,nc,28801-4816,11/17/2016
thibodaux,nicholls state university,la,70310,11/17/2016
sheboygan,uwc-sheboygan county,wi,53081,11/17/2016
dover,wesley college dover,de,19901-3835,11/18/2016
newport news,christopher newport university,va,23606-0070,11/18/2016
reno,university of nevada - reno,nv,89557-0042,11/18/2016
blountville,northeast st cmty coll,tn,37617-6350,11/18/2016
fort wayne,univ of st francis,in,46808,11/18/2016
nashville,nashville state comm coll,tn,37209-4515,11/18/2016
durango,fort lewis college,co,813013000,11/19/2016
chicago,wilbur wright college-south,il,60634,11/20/2016
waco,texas st tech coll-waco,tx,76705,11/20/2016
deerfield bch,north broward tech ctr,fl,33442,11/20/2016
milwaukee,technology institute,wi,53202-1806,11/20/2016
brenham,blinn college-brenham camp,tx,77833,11/21/2016
poteau,carl albert state college,ok,74953,11/21/2016
hanceville,wallace st comm coll-hancevil,al,35077,11/21/2016
edmond,ok christian univ,ok,73013,11/21/2016
fairbury,southeast community college,ne,68352,11/21/2016
barnesville,gordon state college - ga,ga,30204-1746,11/22/2016
mesa,mesa comm coll - red mtn,az,85207-1908,11/22/2016
williamsville,erie cmty clg north campus,ny,14221,11/22/2016
bronx,fordham university-rose hil,ny,10458-5149,11/22/2016
miami,miami-dade coll-kendal,fl,33176,11/22/2016
fresno,willow/intnl coll ctr,ca,93730-5401,11/22/2016
chicago,wright city college,il,60634-1591,11/22/2016
brooklyn,a & m schwartz coll pharmacy,ny,11201-5423,11/23/2016
ebensburg,admiral peary vo-tech,pa,15931,11/23/2016
woodland hills,pierce college - la,ca,91371,11/25/2016
sacramento,cosumnes river college,ca,95823,11/25/2016
louisville,spalding university,ky,40203-2115,11/26/2016
decatur,inst for construction educ,il,62526-2158,11/27/2016
chicago,richard j daley college,il,60652-1369,11/28/2016
peoria,univ of illinois,il,61656,11/28/2016
oskaloosa,william penn university,ia,52577-1757,11/28/2016
fairfield,fairfield university,ct,06824-5171,11/28/2016
macon,middle ga st coll - macon,ga,31206,11/28/2016
san jose,everest coll - san jose,ca,95117,11/28/2016
doral,miami dade coll - west cmps,fl,33178-4856,11/28/2016
tsaile,dine college - arizona,az,86556,11/28/2016
memphis,univ of memphis,tn,38152,11/28/2016
takoma park,washington adventist univ,md,20912-7744,11/28/2016
waterbury,naugatuck vly comm tech col,ct,06708-3011,11/29/2016
gallatin,volunteer st cmty college,tn,37066,11/29/2016
dalton,dalton state college,ga,30720-3778,11/29/2016
orlando,central florida reception ctr,fl,32831-2518,11/29/2016
fairbanks,univ of alaska - fairbanks,ak,99775,11/30/2016
moline,black hawk college,il,61265-5870,11/30/2016
long island city,laguardia cc of cuny,ny,11101-3007,11/30/2016
fremont,midland university,ne,68025-4254,11/30/2016
dallas,univ of north texas - dallas,tx,75241,11/30/2016
mahwah,ramapo c of new jersey,nj,07430-1623,11/30/2016
lima,ohio state univ-lima,oh,45804,12/1/2016
kapolei,univ of hawaii west oahu,hi,96707,12/1/2016
elyria,lorain county cmty college,oh,44035-1613,12/1/2016
ontario,treasure valley cmty coll,or,97914,12/2/2016
omaha,metro comm -e college,ne,68103,12/2/2016
omaha,metropolitan cmty coll,ne,68111,12/2/2016
boston,northeastern university,ma,02115-5005,12/3/2016
toledo,univ of toledo - health sci cmps,oh,43614-2595,12/5/2016
fort myers,southwest florida coll bus,fl,33907-1157,1/29/2016
waxahachie,navarro coll - waxahachie,tx,75165,1/29/2016
arlington,tarrant cnty coll se,tx,76018,1/29/2016
oklahoma city,oklahoma city comm coll,ok,73159,1/29/2016
valley city,valley city state univ,nd,58072,1/29/2016
marietta,chattahoochee tech,ga,30060-3304,1/29/2016
midlothian,navarro coll - midlothian,tx,76065,1/29/2016
rapid city,south dakota sch mines tech,sd,57701-3901,1/29/2016
elkins,davis & elkins college,wv,26241-3971,1/29/2016
twin falls,college of southern idaho,id,83301,1/29/2016
south burlington,comm coll of vermont,vt,05403-6241,1/29/2016
freeport,highland community college,il,61032-9338,1/29/2016
olean,jamestown cmty coll (olean),ny,14760-2662,1/29/2016
cedar rapids,mount mercy university,ia,52402,1/29/2016
homestead,miami dade coll - homestead,fl,33030,1/29/2016
salisbury,salisbury university,md,21801-6837,1/29/2016
fort worth,tarrant cc - trinity river,tx,76102,1/29/2016
san pablo,contra costa college,ca,94806,1/29/2016
orchard park,erie cmty coll south campus,ny,14127-2100,1/29/2016
brockport,state univ coll brockport,ny,14420-2997,1/29/2016
chester,widener university,pa,19013-5700,1/29/2016
laramie,univ of wyoming - laramie,wy,82071,1/29/2016
rock springs,w wyoming comm coll,wy,82901,1/29/2016
columbus,columbus state comm coll,oh,43215-1722,1/29/2016
hagerstown,hagerstown community college,md,21742,1/29/2016
waco,mclennan community college,tx,76708,1/29/2016
newburgh,mt st mary college,ny,12550-3412,1/29/2016
hamden,quinnipiac university,ct,06518-1905,1/29/2016
flint,charles s mott comm coll,mi,48503-6208,1/29/2016
azusa,azusa pacific university,ca,91702,1/29/2016
tigerville,north greenville university,sc,29688,1/29/2016
tucson,pima college east campus,az,85709,1/29/2016
brentwood,suffolk county cc (grant),ny,11717,1/29/2016
orangeburg,orangeburg calhoun tec coll,sc,29115,1/29/2016
philadelphia,temple univ,pa,19122-6003,1/29/2016
alexandria,louisiana state univ-alexandri,la,71302-9119,1/29/2016
la plata,college of southern maryland,md,20646-0910,1/29/2016
san antonio,ccc group inc,tx,78219,1/29/2016
murray,murray state university,ky,42071,1/29/2016
stony brook,stony brook university,ny,11794,1/29/2016
madison,madison area tech coll,wi,53704,1/30/2016
dallas,mountain view college,tx,75211,1/30/2016
willimantic,eastern conn state univ,ct,06226-2211,1/30/2016
parma heights,cuyahoga cmty coll - westrn,oh,44130,1/30/2016
new york,barnard coll-columbia univ,ny,10027-6909,1/30/2016
aurora,waubonsee cc-aurora,il,60505,1/30/2016
savannah,savannah coll of art & design,ga,31415-2105,1/30/2016
orlando,valencia coll - east,fl,32825-6404,1/30/2016
daytona beach,bethune cookman university,fl,32114-3012,1/30/2016
kealakekua,u h ctr west hawaii,hi,96750,1/30/2016
moorhead,mississippi delta cmty coll,ms,38761,1/30/2016
denver,university of denver,co,80208,1/30/2016
honolulu,honolulu community college,hi,96817,1/30/2016
phoenix,gateway community college,az,85034,1/30/2016
greenvale,long island univ - cw post ctr,ny,11548-1319,1/30/2016
saint peters,st charles comm coll,mo,63376-2865,12/5/2016
jackson,univ of mississippi med ctr,ms,39216-4500,12/5/2016
chicago,olive harvey college,il,60628,12/5/2016
omaha,metro comm -f college,ne,68111-1646,12/5/2016
sewell,rowan coll at gloucester cty,nj,8080,12/5/2016
oswego,suny at oswego,ny,13126-3501,12/5/2016
chicago,robert morris univ chicago,il,60605-1229,12/6/2016
corpus christi,texas a & m univ - corpus christi,tx,78412,12/6/2016
madison,univ of wisconsin - madison,wi,53706,12/6/2016
highland hills,cuyahoga cmty coll - east,oh,44122-6104,12/6/2016
reading,albright college,pa,19604-1752,12/7/2016
piscataway,umdnj - piscataway,nj,08854-8021,12/7/2016
cambridge,harvard university,ma,2138,12/7/2016
cazenovia,cazenovia college,ny,13035-1054,12/8/2016
syracuse,onondaga community coll,ny,13215-4580,12/8/2016
san rafael,dominican university of calif,ca,94901,12/8/2016
omaha,metro comm -s college,ne,68103,12/11/2016
norman,university of oklahoma,ok,73019,12/11/2016
syracuse,syracuse univ,ny,13244,12/11/2016
jacksonville,jacksonville college,tx,75766,12/12/2016
harrisburg,hacc harrisburg,pa,17110-2903,12/12/2016
castleton,castleton state college,vt,05735-4453,12/12/2016
beatrice,southeast cmty coll-beatrice,ne,68310-7042,12/13/2016
prosser,washington state univ,wa,99350,12/13/2016
spartanburg,spartanburg comm coll,sc,29303,12/14/2016
jackson,jackson state cmty college,tn,38301-3722,12/15/2016
littleton,arapahoe comm coll,co,80160,12/15/2016
supply,brunswick community college,nc,28462-0030,12/16/2016
piscataway,rutgers u-busch campus,nj,8854,12/16/2016
canton,saint lawrence university,ny,13617-1423,12/18/2016
deland,daytona state coll - deland,fl,32724,12/19/2016
bellevue,bellevue college,wa,98007,12/19/2016
redding,simpson university,ca,96003,12/20/2016
miami,miami-dade coll - virtual coll,fl,33132,1/30/2016
gresham,mt hood community college,or,97030,1/30/2016
jacksonville,fl st coll - jacksonville downtown,fl,32202-3099,1/30/2016
new york,new york career institute,ny,10007,1/30/2016
lincoln,cmty coll of r i-lincoln,ri,2865,1/30/2016
bowling green,southcentral ky ctc - bowling green,ky,42101-3601,1/30/2016
conway,univ of central arkansas,ar,72035-5001,1/30/2016
cleveland,lakeshore tech college,wi,53015-1412,1/30/2016
wingate,wingate univeristy,nc,28174,1/30/2016
arlington,argosy univ/washington dc,va,22209-2490,1/30/2016
palm bay,eastern fl st coll - palm bay,fl,32909-2206,1/30/2016
beverly,endicott college,ma,01915-2096,1/30/2016
monaca,community college of beaver cty,pa,15061-2566,1/30/2016
midlothian,vccs - john tyler cc-midlothia,va,23114-4383,1/30/2016
pocatello,idaho state university,id,83209,1/30/2016
lincroft,brookdale community college,nj,07738-1399,1/30/2016
galveston,texas a & m univ - galveston,tx,77553,1/30/2016
minneapolis,univ of minnesota - mpls,mn,55455-0110,1/30/2016
great falls,great falls coll - msu,mt,59406-6010,1/30/2016
lexington,davidson cty comm coll,nc,27295,1/30/2016
tanner,calhoun cc,al,35671-4028,1/30/2016
warren,kent state u-trumbull,oh,44483-1931,1/30/2016
tacoma,university of puget sound,wa,98416,1/30/2016
pewaukee,waukesha county tech coll,wi,53072,1/30/2016
lewiston,lewis clark state college,id,83501,1/30/2016
little rock,univ arkansas little rock,ar,72204-1000,1/30/2016
river forest,concordia university,il,60305-1402,1/30/2016
boston,boston univ,ma,2215,1/30/2016
johnson city,east tennessee state univ,tn,37614,1/30/2016
philippi,alderson broaddus university,wv,26416,1/31/2016
orlando,valencia coll - lake nona,fl,32832,1/31/2016
germantown,montgomery coll - germantown,md,20876,1/31/2016
providence,comm college rhode island,ri,29052304,1/31/2016
fall river,bristol community college,ma,02720-7307,1/31/2016
washington,american university,dc,20016,1/31/2016
pasco,columbia basin college,wa,99301,1/31/2016
mobile,university of south alabama,al,36688-3053,8/23/2017
galva,black hawk coll - e campus,il,61434-9476,8/23/2017
cambridge,anoka ramsey cc - cambridge,mn,55008-5706,8/23/2017
florence,francis marion univ,sc,29506,8/23/2017
middletown,penn state u harrisburg,pa,17057-4846,8/23/2017
colorado springs,csu pueblo,co,80909,8/23/2017
kingsville,texas a & m univ - kingsville,tx,78363,8/23/2017
purchase,manhattanville college,ny,10577-2131,8/23/2017
ft collins,front range c c - larimer,co,805263812,8/23/2017
milwaukee,mount mary univ - wi,wi,53222-4545,8/23/2017
raleigh,meredith college,nc,27607-5237,8/23/2017
baltimore,morgan state university,md,21251-0001,8/23/2017
jackson,jackson state university,ms,39204-2335,8/23/2017
hiram,hiram college,oh,44234,8/23/2017
owensboro,kctcs-owensboro,ky,42303-1800,8/23/2017
ukiah,mendocino college,ca,95482,8/23/2017
mountain home,arkansas st univ-mtn home,ar,72653,8/23/2017
augusta,augusta college,ga,30904-4562,8/23/2017
baton rouge,baton rouge cmty college,la,70806-4156,8/23/2017
blue ash,uc - blue ash,oh,45236-1007,8/23/2017
inver grove heights,inver hills comm college,mn,55076-3224,8/23/2017
new rochelle,iona college,ny,10801-1830,8/23/2017
los angeles,cal state u - los angeles,ca,90032,8/23/2017
huntingdon,juniata college,pa,16652-2119,8/23/2017
cheraw,northeast technical college,sc,29520,8/23/2017
weyers cave,vccs - blue ridge cc,va,24486-0080,8/23/2017
quebec,Vanier College,montreal,H4L 3X9,8/23/2017
brooklyn park,north hennepin cmty college,mn,55445-2231,8/23/2017
danville,centre college,ky,40422-1309,12/22/2016
virginia beach,regent university,va,23464,12/22/2016
schenectady,union college,ny,12308-3103,12/22/2016
indianapolis,indiana univ-purdue u-indy,in,46202,12/25/2016
davis,univ of calif - davis,ca,95616,12/26/2016
perrysburg,healing arts institute,oh,43551-3138,12/28/2016
kokomo,indiana univ - kokomo,in,46904,12/29/2016
ironton,ohio univ southern campus,oh,45638-2279,12/29/2016
eureka,college of the redwoods,ca,95501,12/29/2016
westminster,carroll comm college,md,21157,12/30/2016
lakewood,clover park technical colle,wa,98499,12/31/2016
santa clara,mission college,ca,95054,1/1/2017
chicago,depaul univ-loop campus,il,60604-2201,1/1/2017
albany,excelsior college,ny,12203,1/2/2017
de pere,saint norbert college,wi,54115-2002,1/2/2017
los angeles,la coll of microtechnology,ca,90017,1/2/2017
spokane,spokane community college,wa,99217,1/2/2017
tacoma,tacoma community college,wa,98466,1/2/2017
naperville,north central college,il,60540-4607,1/2/2017
somerset,kctcs-somerset,ky,42501-2973,1/2/2017
longview,lower columbia college,wa,98632,1/3/2017
columbia,howard community college,md,21044,1/3/2017
glendora,citrus college,ca,91741-1899,1/3/2017
notre dame,university of notre dame,in,46556,1/3/2017
el cajon,cuyamaca college,ca,92019,1/3/2017
moses lake,big bend community college,wa,98837,1/3/2017
wilkes barre,wilkes university,pa,18766-0997,1/3/2017
philadelphia,drexel university,pa,19104-2816,1/4/2017
los altos hills,foothill c -los altos hills,ca,94022,1/31/2016
oneonta,suny at oneonta,ny,13820-2685,1/31/2016
venice,state coll of florida - venice,fl,34293-5113,1/31/2016
austin,austin c c - pinnacle,tx,78736,1/31/2016
pittsburgh,duquesne university,pa,15282,1/31/2016
lexington,kctcs-bluegrass-cooper,ky,40506-0001,1/31/2016
harriman,roane st cmty college,tn,37748-8615,1/31/2016
sidney,montcalm comm college,mi,48885-9723,1/31/2016
brunswick,college of coastal georgia,ga,31520-3632,1/31/2016
avondale,estrella mountain cc,az,85392,1/31/2016
westerville,otterbein university,oh,43081,1/31/2016
bloomington,ivy tech comm coll - bloomington,in,47404-9772,1/31/2016
cypress,cypress college,ca,90630,1/31/2016
folsom,folsom lake college,ca,95630,1/31/2016
ft pierce,indian river state college,fl,34981,1/31/2016
centralia,centralia college,wa,98531,1/31/2016
new york,pace university,ny,10038-1502,1/31/2016
schenectady,schenectady county cc,ny,12305,1/31/2016
livonia,madonna university,mi,48150,1/31/2016
elyria,ashland univ - elyria,oh,44035,1/31/2016
dixon,sauk valley college,il,61021,1/31/2016
anderson,ivy tech comm coll - anderson,in,46013-1502,1/31/2016
rochester,monroe community college,ny,14623-5701,1/31/2016
estherville,iowa lakes cc-estherville,ia,51334-2721,1/31/2016
orono,univ of maine at orono,me,4469,1/31/2016
olney,olney central college,il,62450-1043,8/23/2017
tampa,hillsborough cmty coll ybor,fl,33605,8/23/2017
charlottesville,vccs - piedmont virginia cc,va,22902-7589,8/23/2017
goldsboro,wayne community coll goldsb,nc,27534-8212,8/23/2017
bel air,harford community college,md,21015-1627,8/23/2017
raymond,hinds cc- raymond,ms,39154,8/23/2017
springfield,drury university-springfield,mo,65802-3712,8/23/2017
fairfield,solano community college,ca,945344017,8/23/2017
beebe,arkansas state u beebe br,ar,72012-3109,8/23/2017
ankeny,des moines area c c-ankeny,ia,50023-8995,8/23/2017
san antonio,our lady of the lake univ,tx,78207,8/23/2017
forrest city,east arkansas comm coll,ar,72335,8/23/2017
temple terrace,univ of south florida,fl,33637,8/23/2017
helena,carroll college,mt,59625-0001,8/23/2017
chicago heights,prairie state college,il,60411-8200,8/23/2017
institute,west virginia st univ,wv,25112,8/23/2017
bemidji,bemidji state university,mn,56601,8/23/2017
devils lake,lake region state college,nd,58301-1598,8/23/2017
tampa,university of south florida,fl,33620-9951,8/23/2017
lumberton,robeson community college,nc,28360-2158,8/23/2017
ottawa,ottawa university,ks,66067-3341,8/23/2017
madison,ivy tech comm coll - madison,in,47250,8/23/2017
lawrenceville,georgia gwinnett college,ga,30043-7409,8/23/2017
burnaby,simon fraser university,bc,v5a 1s6,8/23/2017
jamestown,jamestown cmty clg jamestwn,ny,14701-1920,8/23/2017
marietta,kennesaw state univ - marietta cmps,ga,30060-2855,8/23/2017
berkeley,univ of calif - berkeley,ca,94720,8/23/2017
wichita,friends university,ks,67213-3379,8/23/2017
winston salem,forsyth technical comm coll,nc,27103-5150,8/24/2017
overland park,univ of kansas-overland par,ks,66225,8/24/2017
sayre,s w ok st univ-sayre,ok,73662,8/24/2017
media,penn state u brandywine,pa,19063-5522,8/24/2017
keene,southwestern adventist univ,tx,76059,8/24/2017
fairfax,george mason university,va,22030-4422,8/24/2017
lima,j a rhodes state college,oh,45804-3576,8/24/2017
wilmington,southern state cc - north,oh,45177-7146,8/24/2017
mandeville,northshore tech cc - mandeville,la,70471,8/24/2017
san mateo,college of san mateo,ca,94402,8/24/2017
alfred,alfred university,ny,14802,8/24/2017
raleigh,nc state university,nc,27606-1428,8/24/2017
merced,uc merced,ca,95343,8/24/2017
cresson,mount aloysius college,pa,16630-1902,8/24/2017
moscow,university of idaho,id,83844,8/24/2017
orange park,st johns river st coll - org park,fl,32065-7639,8/24/2017
new orleans,loyola university,la,70118-6143,8/24/2017
cleveland,truett mcconnell college,ga,30528-1264,8/24/2017
greensburg,seton hill university,pa,15601,8/24/2017
notre dame,holy cross college,in,46556,8/24/2017
west liberty,west liberty university,wv,26074,8/24/2017
west des moines,des moines area cc-west,ia,50266-5302,8/24/2017
huntsville,univ of alabama-huntsville,al,35899-1911,8/24/2017
lakeland,florida southern college,fl,33801-5607,8/24/2017
greensburg,northshore tech cc - greensburg,la,70441,8/24/2017
tamp,saint leo univ - tampa,fl,336198317,8/24/2017
altoona,penn state u altoona,pa,16601-3777,8/24/2017
tulsa,tulsa comm coll-west campus,ok,74107,3/10/2015
medford,tufts university,ma,2155,3/11/2015
pensacola,pensacola state college,fl,32504-8910,3/11/2015
spokane,whitworth university,wa,99251,3/12/2015
albemarle,stanly community college,nc,28001-7458,3/12/2015
newton,boston college,ma,02459-1148,3/12/2015
redlands,community christian college,ca,92373,3/12/2015
detroit,wayne cnty cc-nw,mi,48219-3580,3/12/2015
grand rapids,aquinas college,mi,49506-1741,3/18/2015
kingwood,lonestar college - kingwood,tx,77339,3/18/2015
orlando,valencia coll - west,fl,32811-2302,3/24/2015
owensboro,kctcs-owensboro-downtown,ky,42301-4806,3/24/2015
saint paul,macalester college,mn,55105-1801,3/26/2015
los angeles,ucla - los angeles,ca,90095,3/30/2015
bryan,blinn -occ ed college,tx,77801,3/30/2015
kaneohe,hawaii pacific univ-loa,hi,96744,3/31/2015
orlando,adventist univ of health sci,fl,32803-1237,3/31/2015
seminole,seminole state college,ok,74868,4/1/2015
nashville,tenn state university,tn,37209,4/5/2015
lenexa,a & l underground inc,ks,66215,4/7/2015
mount vernon,skagit valley college,wa,98273,4/7/2015
presque isle,northern maine comm coll,me,04769-2016,4/7/2015
columbus,inside sales,oh,43235,4/9/2015
colchester,saint michaels college,vt,05439-0001,4/9/2015
aberdeen,grays harbor cmty college,wa,98520,4/13/2015
mobile,spring hill college,al,36608-1780,4/15/2015
media,pennsylvania inst tech,pa,19063-4036,4/17/2015
garden city,nassau community college,ny,11530,4/18/2015
hartsville,coker college,sc,29550-3742,4/18/2015
olympia,south puget sound cmty coll,wa,98512,4/20/2015
tifton,abraham baldwin agric coll,ga,31793,4/21/2015
brooklyn,brooklyn college,ny,11210-2850,4/21/2015
sumter,central carolina tech coll,sc,29150,4/22/2015
rockville,johns hopkins university,md,20850-3330,4/22/2015
keuka park,keuka college,ny,14478,4/24/2015
cortland,suny at cortland,ny,13045,4/25/2015
parkville,park university,mo,64152-4358,4/27/2015
glassboro,rowan university of new jersey,nj,08028-1700,4/29/2015
jacksonville,fl st coll - jacksonville south,fl,32246,1/4/2017
johnstown,univ of pitts at johnstown,pa,15904-2912,1/4/2017
greenville,thiel college,pa,16125-2186,1/4/2017
boston,wentworth inst of tech,ma,02115-5901,1/4/2017
portland,portland cmty coll cascade,or,97217,1/4/2017
meridan,univ of phoenix - id,id,83642,1/4/2017
greensburg,univ of pitts at greensburg,pa,15601-5804,1/4/2017
titusville,univ of pitts at titusville,pa,16354,1/4/2017
portland,portland cmty coll rock crk,or,97229,1/5/2017
nashua,rivier university,nh,3060,1/5/2017
jacksonville,jacksonville st university,al,36265-1602,1/5/2017
santa clara,santa clara university,ca,95053,1/5/2017
tampa,southwest florida coll,fl,33619-1344,1/5/2017
oakwood,lanier tech coll - oakwood,ga,30566,1/5/2017
hanceville,wallace st comm coll-hanceville,al,35077,1/5/2017
warren,macomb cmty coll-south cp,mi,48088,1/31/2016
west chester,west chester university,pa,19383,2/1/2016
hobbs,new mexico junior college,nm,88240,2/1/2016
portsmouth,great bay community coll,nh,03801-2879,2/1/2016
takoma park,montgomery coll-takoma park,md,20912-4141,2/1/2016
texarkana,texarkana college,tx,75501,2/1/2016
indianapolis,marian university - in,in,46222-1960,2/1/2016
franklin springs,emmanuel college,ga,30639,1/6/2017
pensacola,university of west florida,fl,32514,1/6/2017
columbia,columbia college,sc,29203,1/6/2017
flint,univ of michigan-flint,mi,48502,1/6/2017
chicago,university of chicago,il,60637,1/6/2017
lancaster,ohio univ-lancaster,oh,43130-1037,1/6/2017
greenville,furman university,sc,29613-0002,1/6/2017
aberdeen,presentation college,sd,57401,1/6/2017
eugene,university of oregon,or,97403-1253,1/6/2017
portland,univ of oregon,or,97204,1/7/2017
fort myers,fl southwestern st coll - lee campus,fl,33919-5566,1/7/2017
chester,vccs - john tyler cc-chester,va,23831,1/7/2017
riverside,univ of calif - riverside,ca,92521,2/1/2016
hudson,caldwell community college,nc,28638-2672,2/1/2016
seattle,shoreline cmty college,wa,98133,2/1/2016
boone,des moines area cc-boone,ia,50036-5326,2/1/2016
malibu,pepperdine univ - malibu,ca,90263,2/1/2016
mexia,navarro coll - mexia,tx,76667,2/1/2016
springfield,american international coll,ma,01109-3151,2/1/2016
hamilton,colgate university,ny,13346-1338,2/1/2016
madisonville,kctcs-madisonville,ky,42431-9185,2/1/2016
whittier,rio hondo college,ca,90601,2/1/2016
bennington,southern vermont college,vt,05201-9269,2/1/2016
costa mesa,orange coast college,ca,92626,2/1/2016
allentown,cedar crest college,pa,18104-6132,2/1/2016
new orleans,tulane university,la,70118-5665,2/1/2016
ft worth,tarrant cnty coll so,tx,76119,2/1/2016
farmington hills,oakland cc -orchard ridge,mi,48334,2/1/2016
bismarck,bismarck state college,nd,58501-1276,2/1/2016
angwin,pacific union college,ca,94508,1/8/2017
aiken,univ of sc - aiken,sc,29801-6389,1/8/2017
portland,university of portland,or,97203,1/8/2017
wayne,wayne state college,ne,68787,1/8/2017
saint augustine,st johns river st coll -st augustine,fl,32084-1197,1/9/2017
plymouth,lakeland college,wi,53073,2/1/2016
bradford,univ of pitts at bradford,pa,16701-2812,2/1/2016
akron,univ of akron,oh,44325-0001,2/1/2016
winchester,kctcs-bluegrass-winchester-clark,ky,40391-1804,2/1/2016
champaign,parkland college,il,61821-1806,2/1/2016
altoona,penn state univ-altoona,pa,16601-3777,2/2/2016
casper,casper college,wy,82601,2/2/2016
roxboro,piedmont community college,nc,27573,2/2/2016
ashtabula,kent state u-ashtabula,oh,44004-2316,2/2/2016
fort morgan,morgan comm coll,co,80701,8/24/2017
pueblo,pueblo community college,co,81004,8/24/2017
st marys city,st marys college,md,20686,8/24/2017
berkeley,berkeley city college,ca,94704,8/24/2017
st louis,st louis cc - meramec,mo,631225799,8/24/2017
norwalk,cerritos college,ca,90650,1/9/2017
weldon,halifax cmty coll,nc,27890-0700,1/9/2017
chesapeake,st leo univ - chesapeake,va,23322,1/9/2017
des moines,grand view university,ia,50316-1529,1/9/2017
alameda,college of alameda,ca,94501,2/2/2016
la verne,university of la verne,ca,91750,2/2/2016
albany,darton college,ga,31707-3023,2/2/2016
san antonio,st philips college,tx,78203,2/2/2016
west allis,milwaukee atc w camp west,wi,53214-3110,2/2/2016
southaven,northwest miss cmty coll,ms,38671-8403,2/2/2016
auburndale,lasell college,ma,02466-2709,2/2/2016
gardner,mount wachusett cmty coll,ma,01440-1378,2/2/2016
terrell,trinity valley cc - terrell,tx,75160,2/2/2016
iowa city,kirkwood cc,ia,52240-3102,2/2/2016
wilson,barton college,nc,27893,2/2/2016
bolivar,southwest baptist univ,mo,65613-2578,2/2/2016
winston salem,salem college,nc,27101-5318,8/24/2017
canyon,west texas a & university,tx,79015,8/24/2017
san francisco,university of san francisco,ca,94117,8/24/2017
warrensburg,university of central missouri,mo,64093,8/24/2017
yucaipa,crafton hills college,ca,92399,8/24/2017
peru,peru state college,ne,68421-3073,8/24/2017
san diego,san diego city coll,ca,92101,8/24/2017
boiling springs,gardner-webb university,nc,28017,8/24/2017
wentworth,rockingham community coll,nc,27375-0038,8/24/2017
alamosa,adams state university,co,81102,8/24/2017
riverdale,manhattan college,ny,10471,8/24/2017
imperial,imperial valley college,ca,92251,8/24/2017
west point,point university,ga,31833,8/24/2017
cedar rapids,coe college,ia,52402,8/24/2017
madera,madera cmty clg ctr,ca,93637,8/24/2017
plymouth,plymouth state university,nh,03264-1595,8/24/2017
columbus,miss university for women,ms,39701-5821,8/24/2017
syracuse,le moyne college,ny,13214-1302,8/24/2017
los alamos,univ of nm-los alamos,nm,87544,8/24/2017
great bend,barton cnty cc-great bend,ks,67530-9803,8/24/2017
dallas,misericordia university,pa,18612-1008,8/24/2017
clinton,mississippi college,ms,39058-0001,8/24/2017
roanoke,virginia western cmty coll,va,24015-4705,8/24/2017
clovis,clovis community college,nm,88101,8/24/2017
dothan,troy univ dothan,al,36303-1568,8/24/2017
centennial,pearson internal test,co,80122,8/24/2017
milwaukee,marquette univ,wi,53233-2207,8/24/2017
new westminster,douglas college,bc,v3l 5b2,8/24/2017
davidson,davidson college,nc,28035-0001,8/24/2017
north east,cecil college,md,21901-1900,5/5/2015
naples,ave maria university,fl,34119-1376,5/5/2015
eden prairie,wol-abc minnesota,mn,55344,5/7/2015
san luis obispo,california polytech st univ,ca,93407,5/14/2015
miami,miami-dade coll wolfsn,fl,33132-2204,5/14/2015
orange city,northwestern college,ia,51041-1923,5/15/2015
racine,gateway tech coll,wi,53403-1518,5/18/2015
atlanta,georgia inst of technology,ga,30308,5/18/2015
clinton,ashford university,ia,52732-3910,5/19/2015
kenosha,gateway tech inst-kenosha,wi,53144-1619,5/22/2015
boston,caritas laboure college,ma,02124-5617,5/26/2015
springfield,clark state cmty college,oh,45501-0570,5/27/2015
carson,cal state u - dominguez hills,ca,90747,5/27/2015
santa cruz,univ of calif - santa cruz,ca,95064,5/29/2015
providence,providence college,ri,02918-7000,5/29/2015
fulton,westminster college,mo,65251-1230,5/29/2015
charlotte,queens univ - charlotte,nc,28274-0001,5/31/2015
lowell,umasslowell,ma,01854-2827,5/31/2015
martinsville,vccs - patrick henry cc,va,24112-6693,6/1/2015
clarion,clarion university of pa,pa,16214-1240,6/1/2015
north dartmouth,umassdartmouth,ma,02747-2356,6/2/2015
seattle,university of washington,wa,98195,6/10/2015
framingham,framingham state university,ma,01702-2499,6/14/2015
spartanburg,univ of sc - upstate,sc,29303-4932,1/9/2017
ogden,weber state university,ut,84408,1/9/2017
new bern,craven community college,nc,28562,1/9/2017
morrow,clayton state univ,ga,30260-1293,1/9/2017
alpena,alpena community college,mi,49707-1410,2/2/2016
staten island,college of staten island,ny,10314-6609,2/2/2016
greenvale,long island university (cw post),ny,11548-1319,2/2/2016
henderson,nevada state college,nv,89015,2/2/2016
san angelo,angelo state university,tx,76909,2/3/2016
dyersburg,dyersburg st comm coll,tn,38024,2/3/2016
cambridge,massachusetts inst of tech,ma,2139,1/9/2017
new concord,muskingum university,oh,43762-1118,1/9/2017
hammond,purdue university calumet,in,46323,1/9/2017
san bernardino,san bernardino valley coll,ca,92410,2/3/2016
fort lauderdale,broward coll-downtown,fl,33301-2208,2/3/2016
kansas city,penn valley cmty college,mo,64111,2/3/2016
colorado springs,pikes peak cc - downtown cmps,co,80903,2/3/2016
heathrow,seminole state - heathrow,fl,32746,2/3/2016
purchase,suny at purchase,ny,10577-1402,2/3/2016
south bend,indiana univ at so bend,in,46615-1408,2/3/2016
monmouth,western oregon university,or,97361,1/10/2017
sarasota,univ of south florida sarasota/manatee,fl,34243-2049,1/10/2017
catonsville,cc baltimore cty - catonsville,md,21228-5317,2/3/2016
new york,baruch college of cuny,ny,10010-5518,2/3/2016
hempstead,hofstra university,ny,11549,2/3/2016
cambridge,lesley university,ma,02138-2702,2/4/2016
the pas,univ coll of the north - the pas,mb,r9a 1m7,8/24/2017
worthington,mn west comm & tech coll- wort,mn,56187-3024,8/24/2017
harrisburg,temple univ - harrisburg,pa,17101-1817,8/24/2017
portland,univ of so maine - portland,me,04103-4864,8/24/2017
newark,university of delaware,de,19716,8/24/2017
salt lake city,salt lake city comm coll-s,ut,84115,1/10/2017
jupiter,florida atlantic u - north/mac,fl,33458-2906,1/10/2017
salt lake city,brigham young univ-salt lak,ut,84124,1/10/2017
douglas,south ga state coll - douglas,ga,31533-5020,1/10/2017
terre haute,ivy tech comm coll - terre haute,in,47802-4883,2/4/2016
belmont,notre dame de namur university,ca,94002,2/4/2016
plattsburgh,clinton community college,ny,12901-6002,2/4/2016
marietta,marietta college,oh,45750-4033,2/4/2016
birmingham,univ alabama-birmingham,al,35294-0001,2/4/2016
magnolia,sthrn arkansas u-magnolia,ar,71753,2/4/2016
san francisco,san francisco state univ,ca,94132,8/24/2017
colby,colby comm coll,ks,67701-4007,8/24/2017
burton,kent state u-geauga co,oh,44021,8/24/2017
augusta,augusta technical college,ga,30906-8243,8/24/2017
opelika,southern union cc-opelika,al,36801-3113,8/24/2017
columbia,benedict college,sc,29204-1058,8/24/2017
shepherdstown,shepherd university,wv,25443,8/24/2017
creston,southwestern community coll,ia,50801-1042,8/24/2017
south orange,seton hall university,nj,07079-2646,8/24/2017
kenosha,univ of wisconsin - parkside,wi,53144-1133,8/24/2017
lincoln univ,lincoln university,pa,19352,8/24/2017
bogalusa,northshore tech cc - bogalusa,la,70427-5866,8/24/2017
childersburg,central alabama cc,al,35044,8/24/2017
tampa,hillsborough c c-d mabry,fl,33614-7810,8/24/2017
media,delaware cty comm college,pa,19063-1027,8/24/2017
mayhew,east ms cc - golden triangle campus,ms,39753,8/24/2017
ellisville,jones county junior college,ms,39437-3901,8/24/2017
douglasville,west ga tech - douglas,ga,30135,8/24/2017
kennesaw,duplicate,ga,30144,8/24/2017
bryan,s-con inc,tx,77807,6/18/2015
la grande,eastern oregon university,or,97850,6/18/2015
san francisco,ccsf - ocean,ca,94112,6/19/2015
puyallup,pierce college,wa,98374-2210,6/29/2015
indiana,indiana university of pa,pa,15705,7/6/2015
lakewood,rockmont college,co,80226,7/22/2015
philadelphia,holy family university,pa,19114-2009,1/10/2017
chicago,northeastern illinois univ,il,60625,1/10/2017
elizabethtown,kentucky tech elizabethtown,ky,42701-3149,1/10/2017
detroit,univ of detroit-dental schl,mi,48207-4288,1/10/2017
austin,austin c c - rio grande,tx,78701,2/4/2016
denton,university of north texas,tx,76203,2/4/2016
cincinnati,raymond walters college,oh,45236,2/5/2016
chicago,city college of chicago,il,60609-2325,2/5/2016
winston salem,wake forest university,nc,27106,1/10/2017
erie,penn state u behrend campus,pa,16563-4101,1/10/2017
don mills,pearson university,on,m3c 2t8,1/10/2017
grenada,holmes cc-grenada,ms,38901-5095,1/10/2017
bangor,husson university,me,4401,2/5/2016
pittsburgh,cc allegheny co-allegheny,pa,15212-6003,2/5/2016
new york,fordham univ-lincoln ctr,ny,10023-7414,2/5/2016
elkhorn,gateway tech coll elkhorn,wi,53121-2035,2/5/2016
chicago,kennedy king college,il,60621-2709,2/6/2016
seattle,north seattle cmty college,wa,98103,2/6/2016
emory,emory and henry college,va,24327,1/10/2017
wahpeton,no dakota st college of sci,nd,58076-0001,1/10/2017
vincennes,vincennes univ - vincennes,in,47591-1504,1/11/2017
edinboro,edinboro university of pa,pa,16444,2/6/2016
randolph,county college of morris,nj,7869,2/6/2016
river forest,dominican university,il,60305,2/6/2016
plainfield,union county college,nj,07060-1308,2/7/2016
eau claire,chippewa valley tech coll,wi,54701-6120,8/24/2017
brownwood,texas state tech - brownwood,tx,76801,8/25/2017
odessa,univ of texas - permian basin,tx,79762,8/25/2017
peoria,midstate college,il,61614-3542,8/25/2017
washington,univ district of columbia,dc,20008,1/11/2017
pineville,louisiana college,la,71360,1/11/2017
erie,gannon university,pa,16541-0002,1/11/2017
pinehurst,sandhills community college,nc,28374-8778,1/11/2017
newnan,univ of west ga - newnan,ga,30265,8/25/2017
greeley,aims comm coll-greeley,co,80634,8/25/2017
ft lauderdale,nova southeastern univ,fl,33314,8/25/2017
saint louis,univ of mo-st louis,mo,63121,8/25/2017
coalinga,west hills college,ca,93210,8/25/2017
moraga,saint marys college,ca,94575,8/25/2017
albany,albany tech college,ga,31701-2648,8/25/2017
indianapolis,ball state univ - indiana,in,46220,8/25/2017
independence,blue river community colleg,mo,64057,8/25/2017
lansing,lansing community college,mi,48933-1215,8/25/2017
mars hill,mars hill college,nc,28754-9134,8/25/2017
hickory,catawba valley comm coll,nc,28602-8302,8/25/2017
watkinsville,univ of n georgia -oconee,ga,30677,8/25/2017
hammond,north shore career coll,la,70401,8/25/2017
gambier,kenyon college,oh,43022,8/25/2017
